原始欄位代碼,欄位中文名稱,欄位英文名稱,三表來源,數值
ifrs-full:AdministrativeExpense,管理費用,Administrative Expense,損益表,3642387
ifrs-full:IncomeTaxExpenseContinuingOperations,所得稅費用（繼續營業單位）,Income Tax Expense (Continuing Operations),損益表,1136541
ifrs-full:ProfitLoss,本期淨利（損）,Profit (Loss) for the Period,損益表,3365060
ifrs-full:ProfitLossAttributableToOwnersOfParent,歸屬於母公司業主之淨利（損）,Profit (Loss) Attributable to Owners of Parent,損益表,2561591
ifrs-full:ProfitLossBeforeTax,稅前淨利（損）,Profit (Loss) Before Tax,損益表,4501601
ifrs-full:ProfitLossFromContinuingOperations,繼續營業單位淨利（損）,Profit (Loss) from Continuing Operations,損益表,3365060
ifrs-full:ResearchAndDevelopmentExpense,研究發展費用,Research and Development Expense,損益表,315706
ifrs-full:Revenue,營業收入,Revenue,損益表,38121809
ifrs-full:SellingExpense,推銷費用,Selling Expense,損益表,447255
,利息費用,Interest Expense,損益表,1088306
ifrs-full:BasicEarningsLossPerShare,基本每股盈餘（損）,Basic Earnings (Loss) Per Share,損益表,0.29
ifrs-full:ComprehensiveIncomeAttributableToNoncontrollingInterests,歸屬於非控制權益之綜合損益,Comprehensive Income Attributable to Noncontrolling Interests,損益表,977752
ifrs-full:ComprehensiveIncomeAttributableToOwnersOfParent,歸屬於母公司業主之綜合損益,Comprehensive Income Attributable to Owners of Parent,損益表,2429762
ifrs-full:DilutedEarningsLossPerShare,稀釋每股盈餘（損）,Diluted Earnings (Loss) Per Share,損益表,0.27
ifrs-full:FinanceCosts,財務成本,Finance Costs,損益表,1345674
ifrs-full:GainsOnDisposalsOfInvestments,處分投資利益,Gains on Disposals of Investments,損益表,0
ifrs-full:GainsOnDisposalsOfPropertyPlantAndEquipment,處分不動產廠房設備利益,"Gains on Disposals of Property, Plant and Equipment",損益表,3289
ifrs-full:GrossProfit,營業毛利,Gross Profit,損益表,6783334
ifrs-full:OtherGainsLosses,其他利益及損失,Other Gains and Losses,損益表,1731207
ifrs-full:OtherRevenue,其他收入,Other Revenue,損益表,390746
ifrs-full:ProfitLossAttributableToNoncontrollingInterests,歸屬於非控制權益之淨利（損）,Profit (Loss) Attributable to Noncontrolling Interests,損益表,803469
ifrs-full:ProfitLossFromOperatingActivities,營業利益（損失）,Profit (Loss) from Operating Activities,損益表,2377986
ifrs-full:RevenueFromDividends,股利收入,Revenue from Dividends,損益表,147494
ifrs-full:RevenueFromInterest,利息收入,Revenue from Interest,損益表,1237464
ifrs-full:ShareOfProfitLossOfAssociatesAndJointVenturesAccountedForUsingEquityMethod,採權益法認列之關聯企業及合資損益份額,Share of Profit (Loss) of Associates and Joint Ventures,損益表,109872
tifrs-bsci-ci:GainsLossesOnHedgingInstrument,避險工具利益（損失）,Gains (Losses) on Hedging Instrument,損益表,-8286
tifrs-bsci-ci:MiscellaneousDisbursements,其他費用,Miscellaneous Disbursements,損益表,647057
tifrs-bsci-ci:NonoperatingIncomeAndExpenses,營業外收入及支出,Nonoperating Income and Expenses,損益表,2123615
ifrs-full:OtherComprehensiveIncomeBeforeTaxGainsLossesOnRemeasurementsOfDefinedBenefitPlans,稅前確定福利計畫再衡量數,OCI Before Tax - Remeasurement of Defined Benefit Plans,損益表,-183671
ifrs-full:OtherComprehensiveIncomeBeforeTaxGainsLossesFromInvestmentsInEquityInstruments,稅前透過其他綜合損益按公允價值衡量之權益工具投資利益（損失）,OCI Before Tax - Investments in Equity Instruments,損益表,-1293912
ifrs-full:OtherComprehensiveIncomeBeforeTaxExchangeDifferencesOnTranslation,稅前國外營運機構財務報表換算之兌換差額,OCI Before Tax - Exchange Differences on Translation,損益表,1440516
ifrs-full:OtherComprehensiveIncomeThatWillBeReclassifiedToProfitOrLossNetOfTax,將重分類至損益之其他綜合損益（淨額）,"OCI That Will Be Reclassified to Profit or Loss, Net of Tax",損益表,1526127
ifrs-full:OtherComprehensiveIncomeThatWillNotBeReclassifiedToProfitOrLossNetOfTax,不重分類至損益之其他綜合損益（淨額）,"OCI That Will Not Be Reclassified to Profit or Loss, Net of Tax",損益表,-1483673
tifrs-bsci-ci:OperatingCosts,營業成本,Operating Costs,損益表,31338475
ifrs-full:OperatingExpense,營業費用,Operating Expense,損益表,4405348
tifrs-bsci-ci:OtherIncomeOthers,其他收入－其他,Other Income - Others,損益表,243252
ifrs-full:ShareOfOtherComprehensiveIncomeOfAssociatesAndJointVenturesAccountedForUsingEquityMethodThatWillBeReclassifiedToProfitOrLossBeforeTax,權益法認列關聯企業及合資之其他綜合損益份額（將重分類）,Share of OCI of Associates and JVs to Be Reclassified,損益表,85611
ifrs-full:ShareOfOtherComprehensiveIncomeOfAssociatesAndJointVenturesAccountedForUsingEquityMethodThatWillNotBeReclassifiedToProfitOrLossBeforeTax,權益法認列關聯企業及合資之其他綜合損益份額（不重分類）,Share of OCI of Associates and JVs Not to Be Reclassified,損益表,2196
tifrs-bsci-ci:GainsOnFinancialAssetsLiabilitiesAtFairValueThroughProfitOrLoss-NonoperatingIncomeAndExpenses,透過損益按公允價值衡量之金融資產（負債）利益（營業外）,Gains on Financial Assets/Liabilities at FVTPL (Nonoperating),損益表,455132
tifrs-bsci-ci:GrossProfitLossFromOperations,營業毛利（毛損）,Gross Profit (Loss) from Operations,損益表,6783334
ifrs-full:CurrentAssets,流動資產總額,Total Current Assets,資產負債表,195322468
ifrs-full:CurrentLiabilities,流動負債總額,Total Current Liabilities,資產負債表,108722932
ifrs-full:Assets,資產總額,Total Assets,資產負債表,596016531
ifrs-full:CashAndCashEquivalents,現金及約當現金,Cash and Cash Equivalents,資產負債表,93299014
ifrs-full:Equity,權益總額,Total Equity,資產負債表,299322066
ifrs-full:IssuedCapital,股本,Issued Capital,資產負債表,77231817
ifrs-full:Liabilities,負債總額,Total Liabilities,資產負債表,296694465
ifrs-full:LongtermBorrowings,長期借款,Long-term Borrowings,資產負債表,54144677
ifrs-full:NoncurrentProvisions,非流動負債準備,Noncurrent Provisions,資產負債表,2067569
ifrs-full:PropertyPlantAndEquipment,不動產、廠房及設備,"Property, Plant and Equipment",資產負債表,218548953
ifrs-full:RetainedEarnings,保留盈餘,Retained Earnings,資產負債表,62929089
ifrs-full:RightofuseAssets,使用權資產,Right-of-use Assets,資產負債表,19323794
ifrs-full:ShorttermBorrowings,短期借款,Short-term Borrowings,資產負債表,5852293
ifrs-full:TreasuryShares,庫藏股票,Treasury Shares,資產負債表,979439
ifrs-full:CapitalReserve,資本公積,Capital Reserve,資產負債表,68922587
ifrs-full:CurrentContractLiabilities,流動合約負債,Current Contract Liabilities,資產負債表,2963002
ifrs-full:CurrentDividendPayables,流動應付股利,Current Dividend Payables,資產負債表,6520809
ifrs-full:CurrentFinancialAssetsAtAmortisedCost,流動按攤銷後成本衡量之金融資產,Current Financial Assets at Amortised Cost,資產負債表,28978374
ifrs-full:CurrentFinancialAssetsAtFairValueThroughOtherComprehensiveIncome,流動透過其他綜合損益按公允價值衡量之金融資產,Current Financial Assets at FVTOCI,資產負債表,3840082
ifrs-full:CurrentFinancialAssetsAtFairValueThroughProfitOrLoss,流動透過損益按公允價值衡量之金融資產,Current Financial Assets at FVTPL,資產負債表,2161417
ifrs-full:CurrentFinancialLiabilitiesAtFairValueThroughProfitOrLoss,流動透過損益按公允價值衡量之金融負債,Current Financial Liabilities at FVTPL,資產負債表,1156
ifrs-full:CurrentPrepayments,流動預付款項,Current Prepayments,資產負債表,7283195
ifrs-full:CurrentTaxLiabilities,本期所得稅負債,Current Tax Liabilities,資產負債表,3360585
ifrs-full:DeferredTaxAssets,遞延所得稅資產,Deferred Tax Assets,資產負債表,3977536
ifrs-full:DeferredTaxLiabilities,遞延所得稅負債,Deferred Tax Liabilities,資產負債表,28078418
ifrs-full:EquityAttributableToOwnersOfParent,歸屬於母公司業主之權益,Equity Attributable to Owners of Parent,資產負債表,237429168
ifrs-full:HedgingInstrumentLiabilities,避險工具負債,Hedging Instrument Liabilities,資產負債表,3900
ifrs-full:IntangibleAssetsAndGoodwill,無形資產及商譽,Intangible Assets and Goodwill,資產負債表,63480697
ifrs-full:Inventories,存貨,Inventories,資產負債表,21684626
ifrs-full:InvestmentProperty,投資性不動產,Investment Property,資產負債表,21912349
ifrs-full:InvestmentAccountedForUsingEquityMethod,採用權益法之投資,Investments Accounted for Using Equity Method,資產負債表,20907197
ifrs-full:NoncontrollingInterests,非控制權益,Noncontrolling Interests,資產負債表,61892898
ifrs-full:NoncurrentAssets,非流動資產總額,Total Noncurrent Assets,資產負債表,400694063
ifrs-full:NoncurrentFinancialAssetsAtAmortisedCost,非流動按攤銷後成本衡量之金融資產,Noncurrent Financial Assets at Amortised Cost,資產負債表,25677414
ifrs-full:NoncurrentFinancialAssetsAtFairValueThroughOtherComprehensiveIncome,非流動透過其他綜合損益按公允價值衡量之金融資產,Noncurrent Financial Assets at FVTOCI,資產負債表,15047839
ifrs-full:NoncurrentFinancialAssetsAtFairValueThroughProfitOrLoss,非流動透過損益按公允價值衡量之金融資產,Noncurrent Financial Assets at FVTPL,資產負債表,0
ifrs-full:NoncurrentFinanceLeaseReceivables,非流動融資租賃應收款,Noncurrent Finance Lease Receivables,資產負債表,5493308
ifrs-full:NoncurrentLiabilities,非流動負債總額,Total Noncurrent Liabilities,資產負債表,187971533
ifrs-full:NoncurrentRecognisedLiabilitiesDefinedBenefitPlan,非流動確定福利負債,Noncurrent Defined Benefit Liabilities,資產負債表,1601040
ifrs-full:NoncurrentPortionOfNoncurrentBondsIssued,應付公司債（非流動）,Noncurrent Portion of Bonds Issued,資產負債表,93376835
ifrs-full:OtherCurrentAssets,其他流動資產,Other Current Assets,資產負債表,1570697
ifrs-full:OtherCurrentLiabilities,其他流動負債,Other Current Liabilities,資產負債表,53420042
ifrs-full:OtherCurrentPayables,其他應付款（流動）,Other Current Payables,資產負債表,21515574
ifrs-full:OtherCurrentReceivables,其他應收款（流動）,Other Current Receivables,資產負債表,3461051
ifrs-full:OtherEquityInterest,其他權益,Other Equity Interest,資產負債表,29325114
ifrs-full:OtherNoncurrentAssets,其他非流動資產,Other Noncurrent Assets,資產負債表,11818284
ifrs-full:OtherNoncurrentLiabilities,其他非流動負債,Other Noncurrent Liabilities,資產負債表,4216615
ifrs-full:TradeAndOtherCurrentPayablesToRelatedParties,應付關係人款項（業務）,Trade Payables to Related Parties,資產負債表,722531
ifrs-full:TradeAndOtherCurrentPayablesToTradeSuppliers,應付供應商款項（業務）,Trade Payables to Trade Suppliers,資產負債表,14732697
tifrs-bsci-ci:AccountsReceivableDuefromRelatedPartiesNet,應收關係人款項淨額,"Accounts Receivable Due from Related Parties, Net",資產負債表,330793
tifrs-bsci-ci:AccountsReceivableNet,應收帳款淨額,"Accounts Receivable, Net",資產負債表,26410938
ifrs-full:CurrentCommercialPapersIssuedAndCurrentPortionOfNoncurrentCommercialPapersIssued,應付商業本票（流動）,Current Commercial Papers Issued,資產負債表,879213
ifrs-full:CurrentLeaseLiabilities,流動租賃負債,Current Lease Liabilities,資產負債表,934102
ifrs-full:HedgingInstrumentAssets,避險工具資產,Hedging Instrument Assets,資產負債表,17756
tifrs-bsci-ci:LongtermLiabilitiesCurrentPortion,一年內到期長期負債,Current Portion of Long-term Liabilities,資產負債表,51824503
tifrs-bsci-ci:LongtermNotesAndAccountsPayable,長期應付票據及帳款,Long-term Notes and Accounts Payable,資產負債表,0
ifrs-full:NoncurrentAssetsOrDisposalGroupsClassifiedAsHeldForSale,待出售非流動資產,Noncurrent Assets Held for Sale,資產負債表,89969
ifrs-full:NoncurrentLeaseLiabilities,非流動租賃負債,Noncurrent Lease Liabilities,資產負債表,6074729
tifrs-bsci-ci:NotesReceivableNet,應收票據淨額,"Notes Receivable, Net",資產負債表,4029341
tifrs-bsci-ci:OrdinaryShare,普通股股本,Ordinary Share Capital,資產負債表,75231817
tifrs-bsci-ci:OtherCurrentAssetsOthers,其他流動資產－其他,Other Current Assets - Others,資產負債表,1570697
tifrs-bsci-ci:OtherCurrentLiabilitiesOthers,其他流動負債－其他,Other Current Liabilities - Others,資產負債表,1595539
tifrs-bsci-ci:OtherNoncurrentAssetsOthers,其他非流動資產－其他,Other Noncurrent Assets - Others,資產負債表,670513
tifrs-bsci-ci:OtherNoncurrentLiabilitiesOthers,其他非流動負債－其他,Other Noncurrent Liabilities - Others,資產負債表,2615575
tifrs-bsci-ci:PreferenceShare,特別股股本,Preference Share Capital,資產負債表,2000000
tifrs-bsci-ci:PrepaymentsForBusinessFacilities,預付設備款,Prepayments for Business Facilities,資產負債表,4437853
ifrs-full:RecognisedAssetsDefinedBenefitPlan,已認列確定福利資產,Recognised Assets for Defined Benefit Plan,資產負債表,1216610
tifrs-bsci-ci:OtherReceivablesDueFromRelatedParties,其他應收關係人款項,Other Receivables Due from Related Parties,資產負債表,2165215
tifrs-bsci-ci:OtherPayablesOthers,其他應付款－其他,Other Payables - Others,資產負債表,14994765
tifrs-bsci-ci:OtherPayablesToRelatedParties,應付關係人款項（非業務）,Other Payables to Related Parties,資產負債表,4337837
tifrs-bsci-ci:EquivalentIssueSharesOfAdvanceReceiptsForOrdinaryShare,預收股款換算股數（普通股）,Equivalent Issued Shares of Advance Receipts for Ordinary Shares,資產負債表,0
tifrs-bsci-ci:NumberOfSharesInEntityHeldByEntityAndByItsSubsidiaries,母子公司持有本公司股數,Number of Shares Held by Entity and Its Subsidiaries,資產負債表,30000000
tifrs-SCF:CashAndCashEquivalentsAtBeginningOfPeriod,期初現金及約當現金餘額,Cash and Cash Equivalents at Beginning of Period,現金流量表（累計數）,90165009
tifrs-SCF:CashAndCashEquivalentsAtEndOfPeriod,期末現金及約當現金餘額,Cash and Cash Equivalents at End of Period,現金流量表（累計數）,93299014
tifrs-SCF:CashFlowsFromUsedInFinancingActivities,籌資活動之淨現金流入（流出）,Cash Flows from (Used in) Financing Activities,現金流量表（累計數）,-8630717
ifrs-full:CashFlowsFromUsedInOperatingActivities,營業活動之淨現金流入（流出）,Cash Flows from (Used in) Operating Activities,現金流量表（累計數）,7903379
tifrs-SCF:DecreaseIncreaseInAccountsReceivable,應收帳款減少（增加）,(Increase) Decrease in Accounts Receivable,現金流量表（累計數）,-3462347
ifrs-full:EffectOfExchangeRateChangesOnCashAndCashEquivalents,匯率變動對現金及約當現金之影響,Effect of Exchange Rate Changes on Cash and Cash Equivalents,現金流量表（累計數）,89650
tifrs-SCF:IncreaseDecreaseInAccountsPayable,應付帳款增加（減少）,Increase (Decrease) in Accounts Payable,現金流量表（累計數）,-128417
ifrs-full:IncreaseDecreaseInCashAndCashEquivalents,本期現金及約當現金增加（減少）數,Net Increase (Decrease) in Cash and Cash Equivalents,現金流量表（累計數）,3134005
tifrs-SCF:IncreaseDecreaseInContractLiabilities,合約負債增加（減少）,Increase (Decrease) in Contract Liabilities,現金流量表（累計數）,1212535
ifrs-full:AdjustmentsForAmortisationExpense,攤銷費用調整,Adjustments for Amortisation Expense,現金流量表（累計數）,859572
ifrs-full:AdjustmentsForDecreaseIncreaseInInventories,存貨減少（增加）調整,Adjustments for Decrease (Increase) in Inventories,現金流量表（累計數）,-2972724
ifrs-full:AdjustmentsForDecreaseIncreaseInOtherCurrentAssets,其他流動資產減少（增加）調整,Adjustments for Decrease (Increase) in Other Current Assets,現金流量表（累計數）,-262978
ifrs-full:AdjustmentsForDepreciationExpense,折舊費用調整,Adjustments for Depreciation Expense,現金流量表（累計數）,9018015
ifrs-full:AdjustmentsForDividendIncome,股利收入調整,Adjustments for Dividend Income,現金流量表（累計數）,-147494
ifrs-full:AdjustmentsForGainLossOnDisposalsPropertyPlantAndEquipment,處分不動產廠房設備利益（損失）調整,Adjustments for Gain (Loss) on Disposals of PPE,現金流量表（累計數）,-1673
ifrs-full:AdjustmentsForIncreaseDecreaseInOtherCurrentLiabilities,其他流動負債增加（減少）調整,Adjustments for Increase (Decrease) in Other Current Liabilities,現金流量表（累計數）,-68824
ifrs-full:AdjustmentsForInterestIncome,利息收入調整,Adjustments for Interest Income,現金流量表（累計數）,-2453071
ifrs-full:AdjustmentsForSharebasedPayments,股份基礎給付調整,Adjustments for Share-based Payments,現金流量表（累計數）,0
ifrs-full:AdjustmentsForUnrealisedForeignExchangeLossesGains,未實現兌換損益調整,Adjustments for Unrealised Foreign Exchange Losses (Gains),現金流量表（累計數）,20724
ifrs-full:CashFlowsFromUsedInOperations,營業產生之現金流量,Cash Flows from (Used in) Operations,現金流量表（累計數）,10489933
ifrs-full:DividendsPaidClassifiedAsFinancingActivities,現金股利支付（籌資活動）,Dividends Paid (Financing Activities),現金流量表（累計數）,-2242740
ifrs-full:DividendsReceivedClassifiedAsInvestingActivities,收取之股利（投資活動）,Dividends Received (Investing Activities),現金流量表（累計數）,2342835
ifrs-full:IncomeTaxesPaidRefundClassifiedAsOperatingActivities,支付（退還）所得稅（營業活動）,Income Taxes Paid (Refund) (Operating Activities),現金流量表（累計數）,-2586554
ifrs-full:InterestPaidClassifiedAsFinancingActivities,支付利息（籌資活動）,Interest Paid (Financing Activities),現金流量表（累計數）,-2202604
ifrs-full:InterestReceivedClassifiedAsInvestingActivities,收取利息（投資活動）,Interest Received (Investing Activities),現金流量表（累計數）,2649892
ifrs-full:OtherAdjustmentsToReconcileProfitLoss,其他調整項目,Other Adjustments to Reconcile Profit or Loss,現金流量表（累計數）,849988
ifrs-full:PaymentsOfLeaseLiabilitiesClassifiedAsFinancingActivities,償還租賃負債本金（籌資活動）,Payments of Lease Liabilities (Financing Activities),現金流量表（累計數）,-394067
ifrs-full:ProceedsFromSalesOfInvestmentProperty,處分投資性不動產價款,Proceeds from Sales of Investment Property,現金流量表（累計數）,2203146
ifrs-full:ProceedsFromSalesOfPropertyPlantAndEquipmentClassifiedAsInvestingActivities,處分不動產廠房設備價款（投資活動）,"Proceeds from Sales of Property, Plant and Equipment",現金流量表（累計數）,380520
ifrs-full:PurchaseOfInterestsInInvestmentsAccountedForUsingEquityMethod,取得採權益法之投資,Purchase of Investments Accounted for Using Equity Method,現金流量表（累計數）,0
ifrs-full:PurchaseOfIntangibleAssetsClassifiedAsInvestingActivities,取得無形資產（投資活動）,Purchase of Intangible Assets,現金流量表（累計數）,-304230
ifrs-full:PurchaseOfInvestmentProperty,取得投資性不動產,Purchase of Investment Property,現金流量表（累計數）,-116508
ifrs-full:PurchaseOfPropertyPlantAndEquipmentClassifiedAsInvestingActivities,取得不動產廠房設備（投資活動）,"Purchase of Property, Plant and Equipment",現金流量表（累計數）,-13931211
ifrs-full:AdjustmentsForInterestExpense,利息費用調整,Adjustments for Interest Expense,現金流量表（累計數）,2654059
tifrs-SCF:AcquisitionOfFinancialAssetsAtAmortisedCost,取得按攤銷後成本衡量之金融資產,Acquisition of Financial Assets at Amortised Cost,現金流量表（累計數）,0
tifrs-SCF:AcquisitionOfOwnershipInterestsInSubsidiaries,取得子公司股權,Acquisition of Ownership Interests in Subsidiaries,現金流量表（累計數）,-213630
ifrs-full:CashFlowsFromLosingControlOfSubsidiariesOrOtherBusinessesClassifiedAsInvestingActivities,喪失子公司控制之現金流量,Cash Flows from Losing Control of Subsidiaries,現金流量表（累計數）,0
ifrs-full:CashFlowsUsedInObtainingControlOfSubsidiariesOrOtherBusinessesClassifiedAsInvestingActivities,取得子公司控制之現金流量,Cash Flows Used in Obtaining Control of Subsidiaries,現金流量表（累計數）,0
tifrs-SCF:DecreaseInOtherBorrowings,其他借款減少,Decrease in Other Borrowings,現金流量表（累計數）,-3500000
tifrs-SCF:DecreaseInShortTermLoans,短期借款減少,Decrease in Short-term Loans,現金流量表（累計數）,0
tifrs-SCF:DecreaseInShortTermNotesAndBillsPayable,短期票券減少,Decrease in Short-term Notes and Bills Payable,現金流量表（累計數）,-1627573
tifrs-SCF:DecreaseIncreaseInAccountsReceivableDueFromRelatedParties,應收關係人款項減少（增加）,(Increase) Decrease in Accounts Receivable Due from Related Parties,現金流量表（累計數）,49053
tifrs-SCF:DecreaseIncreaseInFinancialAssetsAtFairValueThroughProfitOrLossMandatorilyMeasuredAtFairValue,強制透過損益按公允價值衡量之金融資產減少（增加）,(Increase) Decrease in Financial Assets Mandatorily at FVTPL,現金流量表（累計數）,41421
tifrs-SCF:DecreaseIncreaseInNotesReceivable,應收票據減少（增加）,(Increase) Decrease in Notes Receivable,現金流量表（累計數）,926065
tifrs-SCF:DecreaseIncreaseInOtherOperatingAssets,其他營運資產減少（增加）,(Increase) Decrease in Other Operating Assets,現金流量表（累計數）,2384867
tifrs-SCF:DecreaseIncreaseInOtherReceivableDueFromRelatedParties,其他應收關係人款項減少（增加）,(Increase) Decrease in Other Receivables Due from Related Parties,現金流量表（累計數）,-1571
tifrs-SCF:DecreaseIncreaseInOtherReceivables,其他應收款減少（增加）,(Increase) Decrease in Other Receivables,現金流量表（累計數）,1213613
tifrs-SCF:DecreaseIncreaseInPrepayments,預付款項減少（增加）,(Increase) Decrease in Prepayments,現金流量表（累計數）,-2756784
tifrs-SCF:ImpairmentLossOnNonfinancialAssets,非金融資產減損損失,Impairment Loss on Nonfinancial Assets,現金流量表（累計數）,19257
tifrs-SCF:IncreaseDecreaseInAccruedPensionLiabilities,應計退休金負債增加（減少）,Increase (Decrease) in Accrued Pension Liabilities,現金流量表（累計數）,194221
tifrs-SCF:IncreaseDecreaseInOtherPayableToRelatedParties,其他應付關係人款項增加（減少）,Increase (Decrease) in Other Payables to Related Parties,現金流量表（累計數）,-23902
tifrs-SCF:IncreaseDecreaseInOtherPayables,其他應付款增加（減少）,Increase (Decrease) in Other Payables,現金流量表（累計數）,-1208369
tifrs-SCF:IncreaseDecreaseInProvisions,準備增加（減少）,Increase (Decrease) in Provisions,現金流量表（累計數）,82172
tifrs-SCF:IncreaseInOtherAssets,其他資產增加,Increase in Other Assets,現金流量表（累計數）,-35601
tifrs-SCF:IncreaseInOtherBorrowings,其他借款增加,Increase in Other Borrowings,現金流量表（累計數）,0
tifrs-SCF:IncreaseInOtherLiabilities,其他負債增加,Increase in Other Liabilities,現金流量表（累計數）,108457
tifrs-SCF:IncreaseInOtherReceivablesDueFromRelatedParties,其他應收關係人款項增加,Increase in Other Receivables Due from Related Parties,現金流量表（累計數）,0
tifrs-SCF:IncreaseInShortTermLoans,短期借款增加,Increase in Short-term Loans,現金流量表（累計數）,1270144
tifrs-SCF:LossGainOnDisposalOfInvestmentProperties,處分投資性不動產損失（利益）,Loss (Gain) on Disposal of Investment Properties,現金流量表（累計數）,-2004679
tifrs-SCF:NetLossGainOnFinancialAssetsOrLiabilitiesAtFairValueThroughProfitOrLoss,透過損益按公允價值衡量之金融資產（負債）淨損失（利益）,Net Loss (Gain) on Financial Assets/Liabilities at FVTPL,現金流量表（累計數）,-534296
tifrs-SCF:ProceedsFromDisposalOfFinancialAssetsAtFairValueThroughOtherComprehensiveIncome,處分透過其他綜合損益按公允價值衡量之金融資產價款,Proceeds from Disposal of Financial Assets at FVTOCI,現金流量表（累計數）,10330711
tifrs-SCF:ProceedsFromDisposalOfFinancialAssetsAtAmortisedCost,處分按攤銷後成本衡量之金融資產價款,Proceeds from Disposal of Financial Assets at Amortised Cost,現金流量表（累計數）,252139
tifrs-SCF:ProceedsFromIssuingBonds,發行公司債價款,Proceeds from Issuing Bonds,現金流量表（累計數）,0
tifrs-SCF:ProceedsFromLongTermDebt,舉借長期借款,Proceeds from Long-term Debt,現金流量表（累計數）,25742711
tifrs-SCF:ProvisionReversalOfProvisionForBadDebtExpense,提列（迴轉）備抵呆帳費用,Provision (Reversal) for Bad Debt Expense,現金流量表（累計數）,311460
tifrs-SCF:RepaymentsOfLongTermDebt,償還長期借款,Repayments of Long-term Debt,現金流量表（累計數）,-25663765
tifrs-SCF:ReversalOfImpairmentLossOnNonfinancialAssets,迴轉非金融資產減損損失,Reversal of Impairment Loss on Nonfinancial Assets,現金流量表（累計數）,60775
tifrs-SCF:ShareOfLossProfitOfAssociatesAndJointVenturesAccountedForUsingEquityMethod,採用權益法認列之關聯企業及合資損益份額,Share of Loss (Profit) of Associates and JVs,現金流量表（累計數）,-15071
